标题：一步到位购买【paxlovid】,"最近寻觅好几天的Paxlovid终于在1+会员上找到了，权当是真正的手气不错。
具体流程如下：
1、提前开通好1+会员，可以直接看到详细流程；
2、在1药网app里搜索“Paxlovid”并下单成功后会马上发货。
3、注意要尽快处理医生问诊和处方开出的工作。
4、有特惠或者优惠券时注意使用。 
#paxlovid[话题]##老人新冠[话题]##新冠特效药[话题]##辉瑞paxlovid[话题]##新冠[话"
标题：如何判断paxlovid是否正品,"最近网上很多药品伪劣，消费者买到的不一定都是原装正品。特效药买错了可能会造成更大的危害。所以在购买paxlovid之前，要先确保看到的都是原装正品。
1、看包装盒子上的详情，主要注意“生产日期”、“有效期”、“批准文号”三个信息是否对应当前市场上正确的信息。
2、核对辉瑞中国官方平台里明示出来的批准文号公告，如果不一致就表明这个不是原装正品。
3、1+会员用户可以通过1药网app使用医学人工智能诊断助理Siri来核实paxlovid特效药是否为真品。 
#paxlovid[话题]##老人新冠[话题]##新冠特效药[话题]##辉瑞[话题]##新冠[话题]##新冠疫情[话题]#"
标题：1药网安全买到【paxlovid】，真的放心,"前几天和朋友聊了下买药的问题，他说这个特效药在很多平台都找不到，我就上1药网app看了一下。
在里面十分明显的标注新冠问诊入口，然后就是提前开通会员打折之后就能买到。
此外1药网本来是大型医药电商平台，考察过GMP、ISO9001、海关信誉度等多项国家标准体系。所以感觉很放心~ 
#paxlovid[话题]##新冠特效药[话题]##老人新冠[话题]##新冠[话题]##GMP[话题]#"
标题：买药只要1元，简单易行的方法,"最近听说很多人在找【paxlovid】这款特效药，今天就分享一下我的买药经历。用1药网app开通会员只要1元，然后扫描页面二维码进行医生问诊，最后付款就可以买到神药啦。耗时不到5分钟就安心上车了。此外10:00-11:00是平台开放时间，大家抓住机会马上来看看能不能买到。帮助大家搞定新冠神药paxlovid~
#paxlovid[话题]##老人新冠[话题]##新冠特效药[话题]##辉瑞[话题]##新冠[话"
标题：成功买到paxlovid，经验分享,"最近一直在找Paxlovid，想给老人备药。上次去医院问诊看到的时候已经卖完了，后来又一直很难买到。有朋友介绍说1药网能买到特效药就去下载app试了一下。
1.先开通1+会员；
2.然后关注公众号“新冠问诊”并用手机号验证登录； 
3.每天10,11 点准时开放抢购Paxlovid的问诊入口； 
4.要是5 分之内还是看不到医生就表明前方大量人正在排队中; 
5.如果连上化就要准备好体重、年龄、性别信息以及上传核酸或者IgM/IgG 阳性图片; 
6.完成后医生开出处方然后下单成功即可;  
7.很快就能寄出来了!  

 #paxlovid[话题]##老人新冠[话"
标题：成功买到新冠特效药【Paxlovid】，把经验分享出来,"今天通过1药网成功买到了新冠特效药【Paxlovid】。之前一直都在各大平台找，但是总是排队失败、无货。最后看到朋友说1药网有的话就去尝试了一下，果然如此方便快捷。
具体流程很简单，先开通好1+会员找到买法和问诊流程。然后10-11点左右提前准备好app进入问诊页面就能上医生的问诊室咨询。医生看情况开出处方填表下单就可以了,2天左右就能寄出来。
#paxlovid[话题]##老人新冠[话题]##新冠特效药[话题]##辉瑞["
标题：购买Paxlovid的安全流程,"为了保障您和您的家人的健康，请务必遵循正确、合法、安全的流程来购买Paxlovid。 
1. 首先选择一个可以信任的平台进行购买，例如1+会员或者1药网app。 
2. 根据平台要求准备好所有文件和诊断证明。 
3. 在上午10点开始问诊，尽量在5分钟之内进行问诊。 
4. 由医生开出处方后，核对无误后进行下单，然后就是耐心等待物流到达了。 
#paxlovid[话题]##老人新冠[话题]##特效药["
标题：买【paxlovid】- 实用小技巧,"最近因为新冠疫情而备药的人很多，一直都在关注哪里可以买到特效药Paxlovid。我是亲测真实经历，有几个小技巧要分享给大家。
1、排队早上10点准时开放问诊入口；2、5分钟之内可以快速排到医生问诊；3、如遇库存不足的情况会顺延到明天10点11点正常开始问诊；4、对于老年人需要注意补充水份和营养。
#paxlovid[话题]##老人新冠[话题]##新冠特效药[话题]##辉瑞[话题]##新冠[话题]##新冠疫情["
标题：赶紧买到【paxlovid】，不要拖延时间了,"今天突然收到一个朋友的电话，原来是她老妈昨天因为新冠感染了。 想买特效药的时候却发现已经找不到了。 看来这个药真的很难买，上前几天就想抢购一盒备用，但是总觉得八字未定会错过正常流通预定的日子…… 后来在一个朋友介绍的平台上成功买到了Paxlovid。 
快快行动吧~ 天气冷就要多注意保护老人家啦~ 
#paxlovid[话题]##老人新冠[话题]##新冠特效药[话题]##辉瑞[话题]##新冠[话题]##新冠疫情[话题]#"
标题：分享买【paxlovid】的技巧，让你更快抢到,"为了给老人买这个特效药，真的是尝试了很多平台。最后找到一个花不多时间又能保证原价购买的方法。 分享一下方法，希望能帮助大家在第一时间里成功上车。
1、首先要开通好1+会员，会看到详细流程和几步就能成功抢购 ；
2、关注好众包官微和相应公众号；
3、在10-11点之间准时进行抢单流程； 
4、如遇到“医生忙”的情况可以重新来过随后再选中医生开出处方然后成功下单即可; 
5、2天内就能顺利物流送达。 

 真正需要的人都能买上去#paxlovid[话题]##老人新冠[话题]##新冠特效药[话题]##辉瑞[话题]##新冠[话"
标题：在1药网上买Paxlovid的正确方法,"最近很多人都想要买到Paxlovid，但是不少人没有成功。今天我就来告诉大家如何在1药网上成功买到Paxlovid。 

首先，下载1药网APP并注册会员。然后找到“新冠特效药”栏目，选择paxlovid进行问诊流程。一般10-11点开放问诊入口，要准时参与哦~ 在医生开出处方之后便可以下单了，2天左右就能送货上门了。 
#paxlovid[话题]##老人新冠[话题]##新冠特效药[话题]##辉瑞[话题]##新冠[话题]##新冠疫情[话题]#"
【paxlovid】经历了几轮的抢购之后，成功买到了,"在长期的口头传闻、关注下，终于有一天可以上手这款新冠特效药。 抢购开始前就做好心理准备了，但是还是感到无比惊喜。 
一开始看到1+会员里面有Paxlovid的信息，就立即去试图申请办理会员。 填写完信息之后得知要先关注1药网的微信公众号。 然后在10:00-11:00左右就能看到问诊流程界面，然后选择医生并提供相应信息即可开出处方。 最后一步就是选好规格和数量下单成功后2天左右就能寄出来。 
#paxlovid[话题]##老人新冠[话题]##新冠特效药[话题]##辉瑞[话题]##新冠[话题]##新冠疫情[话"
标题：购买Paxlovid的经验分享,"最近新冠特效药又开始抢购了，像我一样外公外婆都在用的话，就要注意抢购。 因为国家监管很严格，所以各大平台的流程也不尽相同。 所以我想分享一下成功抢到paxlovid的心得体会。 
1、1+会员是必须要开通的，而且是12个月才能看到详细流程。 
2、然后就是去关注卫星公众号； 
3、早上10-11点准时进行问诊； 
4、医生回复速度有时比较慢； 
5、已处方之后便可以正常地安排发货了。 

 真正需要的人希望能买到这个新冠特效药#paxlovid[话题]##老人新冠[话题]##新冠特效药[话"
标题： 买Paxlovid的技巧，绝对有效！,"想要成功买到paxlovid吗?不用急了，今天小编为大家带来一份有效的攻略。 
1、购买1+会员，可以在app上看到详细流程信息。 
2、关注相关公众号并准时查看开放问诊入口。10点11点是开始时间哦~ 
3、进去之后就是快速找医生进行问诊了。5分钟内能够排到医生最好，此外要耐心一些~ 在医生开出处方之后就可以下单啦! 大部分情况下2天内就能够送药哦~ #paxlovid[话题]##老人新冠[话题]##新冠特效药[话题]##辉瑞[话题]##新冠[话题]##新冠"
标题：购买paxlovid的小技巧,"想要成功买到原价paxlovid特效药，有一些细节操作可以注意。
1. 下载1+会员时，准备好手机号和姓名信息。这个是很重要的步骤。
2. 关注“成都壹诊互联网医院”公众号时，一定要看清引导流程，不然会错过正常的问诊通道。
3. 放号时间是10点、11点、12点之前，在5分钟内能够进入新冠问诊页面就行了。
4. 看到有医生上来后就能直接申请处方并支付所需费用即可。#paxlovid[话题]##老人新冠[话"
标题：辉瑞Paxlovid在哪里买？我有一个攻略告诉你,"很多人都会问辉瑞的特效药Paxlovid在哪里买，其实不用去大型医院门诊了。可以通过国家药监局注册的正规平台来买到原装正规的Paxlovid。
推荐一个平台——快权益APP，是国家法律法规所要求的合法、正当、合规的电子医疗机构。 在这里可以看到新冠病情诊断、就医导航、流行病学信息以及上门核酸检测服务。
而且在这里也能够买到原装正版的paxlovid, 便宜耐用！#paxlovid[话题]##老人新冠[话题]##辉瑞paxlovid[话题]##"
标题：超级方便的买【paxlovid】,"最近又要买paxlovid了，上次在医院排队太难受了。今天看到一个微信公众号上的文章，说是用1+会员即可快速买到原价的Paxlovid。
不管怎样都要尝试一下，成功之后才能安心喝药。
结果真的好神奇，成功了买到了原装正品Paxlovid。流程很简单、很快，而且还是医生问诊开出来的正品处方药物,整个流程大概10多分钟就完成了。
#paxlovid[话题]##老人新冠[话题]##辉瑞[话题]##新冠[话"
标题：全家有辉瑞特效药paxlovid，今天就来买,"不得不说这次新冠疫情真的太严重了，老人受伤的时候一定要注意保护好。我之前在各大平台都没能买到原价的辉瑞特效药【Paxlovid】 ，但是凭借我死皮赖脸一直打听朋友间找到了1+会员，申请上了1药网的原价买到了。
流程如下：
1.先下载1+会员APP, 在首页选择新冠问诊 
2.然后开通需要1元，12个月的会员即可 
3.将开通那张图片扫描微信中并关注 1 药 网 公 众 号 ；  
4.在“新冠问诊- 绿 色 通道”中用手机号进行验证登录;  
5.上传核酸/ 抗原 阳性证明之后便可进行下单购买。   
6.最后出来就是对应医生处方套装、助剂和使用方法!     #paxlovid["
标题：辉瑞特效药Paxlovid买到啦,"今天终于抢到了原价的辉瑞特效药Paxlovid，这次是在1药网上问诊后买到的。一开始我是想去医院看专家开出来的处方来买，可是人太多没有办法抢到。本想就这样无奈心态去年底了，但看到公众号上的文章说1药网10点口胃口胃催化剂、补气养血之剂都有出售，而且价格便宜得不要不要的。所以我就勇敢在昨天提前扫码进入1药网问诊界面，然后一直卡在此界面中不断重新加载(囧)  终于在今天早上7:30左右成功买到paxlovid,真心感觉很幸运!#paxlovid[话题]##老人新冠[话题]##特效药["
标题：实名购买辉瑞特效药paxlovid,"最近很多人都在问如何使用正规渠道购买原价的paxlovid，所以我今天就来分享一下大家可以通过哪些渠道购买。
1. 首先要准备好医保卡、本人真实姓名、诊断证明等材料，然后到当地市级医保中心办理开通医保盒子会员。 
2. 登录中国工商银行“e生活”APP，注册并开通高端版的“e-HealthPlus”服务。
3. 在App上找到Paxlovid的下单入口，填写相应的真实姓名、电话号码、地址、诊断证明等信息。 
4. 提交订单之后，将会将正常价格的Paxlovid寄送到你手中。 
#paxlovid[话题]##老人新冠[话题]##辉瑞paxlovid[话题]##辉瑞[话题]##新冠["
标题：家里老人新冠病例？辉瑞【paxlovid】来帮你,"上周末在家中发现了老人出现新冠肺炎的征兆，临时想到要买一盒原价paxlovid试试看。
然后就开始了抢药之旅。我尝试过大多数平台都是没有库存的情况，最后选择了1+会员和“成都壹诊互联网医院”公众号来买到。
流程如下图所示，今天已正式买到原价paxlovid,帮助老人更快康复~#paxlovid[话题]##老人新冠[话题]##辉瑞paxlovid[话题]##新冠特效药[话题]##1+会员[话题]#"
标题：新冠期间购买特效药的绝招,"大家都知道，在新冠期间买特效药真的很难。不仅价格虚高、供应不足，而且还要排长队才能买到。但是我发现了一个好办法——去【壹诊】公众号上开通1+会员后就能直接买到原价Paxlovid啦~

具体流程如下： 
① 先扫码下载【图1】app 
② 点击“开通1+会员”这里[图2] 
③ 进行一步步的引导并关注互联网医院公众号 
④ 每天早上10-11点准时排队就能处方和处理Paxlovid啦~ 
PS: 吃特效药前一定要看医生的处方！ #paxlovid[话题]##老人新冠[话题]##新冠特效药[话"
标题：买药全攻略，从外婆到小孩都能省心,"最近又一波新冠病毒的流行，感觉对于老人来说特别难受。 不但要加强保护，这类特效药也是很重要的。 之前在看到朋友们在各个平台上都找不到原价paxlovid时我很想帮忙。 后来我总算是找出了一个便宜、实惠的途径——1药网。 在这里大家不用排队就能买到原价paxlovid药品~

具体流程如下图所示：  
1 - 首先直接进入【1药网】首页  
2 - 点击“发热门诊”即可看到Paxlovid  
3 - 需要开通会员VIP 1+ ，会员权益中包含了关注1+ APP 后即可加入PCR/CT 检测义诊  
4 - 最后成功下单并支付即可~  #paxlovid[话题]##老人新冠[话题]##新冠特效药[话题]##辉瑞[话题]##新冠[话"
标题：赶紧买Paxlovid，价格实惠,"最近一直在看新闻关于新冠的报道，感到很担心。幸好认识一个医生叔叔，他建议我买paxlovid特效药。我去壹诊互联网医院注册会员后就能够买到正品paxlovid。而且价格实惠，2191元/盒 不但省钱又方便快捷。大家都来准备吧~

#paxlovid[话题]##老人新冠[话题]##特效药[话题]##辉瑞[话题]##新冠[话题]##治疗新冠[话"
标题：【1药网】原价paxlovid，大家可以放心的买,"最近因为新冠肺炎的出现, 一些特效药都不好找。 我想分享一个我最近在用的特效药——Paxlovid. 这是一款由辉瑞公司生产的新型抗病毒药物。 我尝试很多平台买这个药，但始终无法保证正品、原装、真实有效。 后来我在【1药网】上找到了，而且价格也合理。 
选择【1药网】之后, 首先要开通会员卡, 然后关注里面的优惠信息, 提前10分钟加入当天会员义诊就能够买到原价Paxlovid. 最后成功将此特效药带回家! #paxlovid[话题]##老人新冠[话题]##新冠特效药[话题]##1荲w[话题]##新冠[话"
标题：解放你的双手！网上购买Paxlovid的小技巧,"有了全国新冠疫情之后，很多老人家都在使用paxlovid来帮助他们度过这一时期。而为了能够保证我们的家人和朋友能够获得到原装正版药品，如何在线上快速、准确、便捷地购买paxlovid呢？ 

1. 首先要前往一个正规供应平台。我相信大家都会选择一些正规医院或者是依法合规的大型零售平台作为采购目标。 不要随意选择一些不明真相的小平台，这将对你所采购到的原装正版药品存在风险。 
2. 在开始采购前，请务必办理好1+会员卡或者关注对应医院/平台的公众号以方便后续流程中使用。 
3. 然后就是核对当天问诊时段以及采买数量是否满足当天闲闲所需要的效用性能要求即可。 
4. 最后就是开始准时抢paxlovid了! 抢到之后立即进行个人信息(如姓名、出生日期)、 运送方式(如快递) 的填写, 然后就OK啦~#paxlovid[话题]##老人新冠[话题]##新冠特效药[话"
标题：抢辉瑞Paxlovid，一步到位全网最低价,大家不要再上当受骗了，想买paxlovid的老人新冠特效药朋友们快来看这里。我已经在多个平台尝试了几次都失败了，后来在1药网找到了原价paxlovid，而且是全网最低价。流程很方便：1. 先注册会长2. 搜索paxlovid3. 选择喜欢的剂量4. 下单5. 支付6. 等待送货上门。#paxlovid[话题]##老人新冠[话题]##新冠特效药[话题]##辉瑞[话题]##新冠[话题]##抗击新冠[话题]#
标题：1药网买paxlovid的注意事项,"想买到原价的paxlovid特效药，在1药网上可以满足你。不过大家有几个注意事项要遵守：
第一步是关注“成都壹诊互联网医院”微信公众号； 
然后按时抢号就行啦。抢到后一般1-2天内就能收到顺丰发货提示。 
最后要特别留意公众号中文字广告处显示的价格才是真正应付金额哦~ 
#paxlovid[话题]##老人新冠[话"
标题：买到原价paxlovid的秘诀,有了这个技巧，你就可以轻松买到原价的Paxlovid特效药了。1、先下载1药网app，开通1+会员。2、关注“成都壹诊互联网医院”公众号后，在新冠问诊页面放号时间10点和11点准时进行抢号。3、如果成功抢到号之后一般1-2天就能收到顺丰快递的上门送货信息了。4、有时候会遇到库存不够的情况，此时提前打电话4008-123456即可申请退回已付金额并立即释怀😄#paxlovid[话题]##老人新冠[话题]##新冠特效药[话
标题：购买原价paxlovid的技巧,"想要成功买到原价的paxlovid特效药，可以根据下面步骤来。
1.先下载1药网app，开通1+会员服务；
2.打开1+会员服务界面，使用微信扫一扫二维码来关注“成都壹诊互联网医院”公众号;
3.在10:00-11:00进行新冠问诊； 
4.上传相应的新冠测试检测后凭证; 
5.填写相应的发货信息并安装必要的电子就医协议; 
6.实时查看是否能够排到医生。如果你能够在5分钟之内进入新冠问诊界面就很好。另外一般1-2天之后就能够收到寄出通知了。#paxlovid[话题]##老人新冠[话题]##新冠特效药[话"
标题：原价买到辉瑞特效药的机会,最近一直在找辉瑞特效药的渠道，上网搜了很多，都是假货或者是要加价。后来发现1药网正好10点开门就可以买到真正的paxlovid特效药。话说回来，1元12个月的vip也很便宜。但是一般情况要准时10:00问诊才能买到而且不用加价。成功了之后2天左右就能收到顺丰快递了。#paxlovid[话题]##老人新冠[话题]##新冠特效药[话题]##辉瑞[话题]##新冠[话题]##新冠疫情[话题]#
标题：购买paxlovid特效药的注意事项,"最近新型冠状病毒的出现使得大家都在关注如何获得特效药来治疗。而Paxlovid是一个常用的特效药之一。想要成功买到原价paxlovid，可以根据以下步骤来：
1. 下载1药网app并开通1+会员；
2. 关注“成都壹诊互联网医院”公众号并核对上午10:00-11:00问诊时段；
3. 打开新冠问诊界面并上传相应的核酸/抗原测试证明后进行下单结算；
4. 输入信息时注意不要打开外部浏览器或者复制URL地址，避免中途因为安全原因而导致金额不能正常扣款。 
#paxlovid[话题]##老人新冠[话题]##特效药[话"
标题：快速买到原价【paxlovid】经验分享,"最近新冠疫情严重，很多老年人都在使用辉瑞特效药——Paxlovid。但是抢购时总是一晃就卖光了，看到大家很郁闷；我也试过几次，最后发现一个方法可以快速买到原价的paxlovid。

步骤如下： 
1、关注“成都壹诊互联网医院”公众号 ； 
2、10:00和11:00准时进入新冠问诊页面 ； 
3、前5分钟能处理的订单一般会马上回复并开立处方 ； 
4、1-2天之内就能收到由 顺丰 发来的发货信息。  

 PS: 早上9.50左右打开1+会员app, 10.00加好关注然后立即进去新冠问诊界面, 等待5min左右应该不难有医生回复哈~#paxlovid[话题]##老人新冠[话"
标题：成功抢到原价Paxlovid！,"昨天终于成功抢到了原价的Paxlovid特效药，看着让人心里发慌。因为之前一直都是在市场上买，对售价不太有信心。 但是经过测试后发现就是当时广告上宣传的原价2.5w元。 由于一开始不太了解怎么买到正品paxlovid，找来找去都找不到好方法。 后来有个老师告诉我可以通过1药网app进行问诊购买。 果然没有失望！ 如果大家也想要尝试一下的话可以根据我的流程来~
#paxlovid[话题]##老人新冠[话题]##新冠特效药[话题]##辉瑞[话题]##新冠["
标题：省钱又安全的购买Paxlovid方法,"新冠疫情期间，尤其是老人和患者都特别需要Paxlovid这种特效药。 但是价格一直都很昂贵，所以我也在寻找各种办法去妥善处理这个问题。 后来我发现了1药网app上有原装paxlovid出售，并且价格便宜、更重要的是保障正品、保证安全性。 

买之前不妨开通1+会员，每月只要1元就能享受12个月的会员权益。 然后就去1药网app里“发热门诊”进行新冠检测，必要时核对一下医生出具的电子处方单。 最后在“成都壹诊互联网医院”微信公众号上回复即可抢到Paxlovid, 一般2天左右就能送到你手中了~#paxlovid[话题]##老人新冠[话题]##新冠特效药[话题]##辉瑞[话"
标题：买到原价paxlovid的秘诀,"想让大家都能买到正品、原价Paxlovid特效药吗？这里就有一个技巧可以帮助你。先来看看流程： 
1. 关注“成都壹诊互联网医院”微信公众号。 
2. 每天10-11点开放新冠问诊页面，准时通过微信公众号进行问诊。 
3. 问诊成功后1-2天就能收到顺丰快递发货提示。 
4. 这样就能够用最低的价格买到正品、原价的Paxlovid特效药了！ 
#paxlovid[话题]##老人新冠[话题]##新冠特效药[话"
标题：最快捷的Paxlovid购买方式,"想要尽快买到原价paxlovid特效药吗？只需遵循几个简单步骤即可。 
1. 首先打开【1药网】app，注册成为会员并了解新冠问诊信息。 
2. 关注""成都壹诊互联网医院”公众号，在上面及时排号进行新冠问诊。
3. 接到排号通知后从1药网上去下单。 
4. 然后就是耐心等待收到由快递寄出的paxlovid特效药啦~ 一般来说一天之内就能够安全、便捷的将paxlovid送到你手中啦~#paxlovid[话题]##老人新冠[话"
标题：辉瑞原价Paxlovid买到手，这次是真的不用担心了,之前在各个平台上都尝试过抢购paxlovid特效药，但最终都失败了。直到最近我发现1药网app上开通会员、关注微信公众号，每天早上10/11点准时问诊。 如此一来，成功就大大增加了。因为国家对新冠特效药的相关流程要求很严格，而1药网的流程是最能遵循国家要求的。 打开一看，原价paxlovid竟然没卖光耶~ 马上就买好啦! 真是太愉快了~~#paxlovid[话题]##老人新冠[话题]##新冠特效药[话题]##辉瑞[话题]##新冠[话题]##新冠
标题：全网攻略！如何在1药网买到原价Paxlovid,"想要购买原价的Paxlovid特效药吗？不用怕坐冤狱了，我有一个方法可以帮你实现这个愿望。 

步骤 1. 打开1药网app并开通1+会员。目前会员是一元十二个月的优惠活动。 
Step 2. 关注“成都壹诊互联网医院”微信公众号 
Step 3. 按时每天10:00 11:00准时来抢号问诊,5分钟之内就能进行问诊,耐心等待就好! 
Step 4. 然后就是耐心的等待,大多都是24-48小时之内就能收到paxlovid特效药的顺丰快递喔~#paxlovid[话题]##老人新冠[话题]##新冠特效药[话题]##辉瑞[话题]##新冠[话"
标题：辉瑞特效药Paxlovid买到手了,"这几天一直在搜寻各个渠道买辉瑞特效口服液,终于今天在1药网上成功买到。价格还很实惠，只要2170元就能买到一盒15ml的口服液。原来1药网开通会员后，就能够使用医生问诊的服务，并提供此神药的采购机会啊!老人新冠看上去已经好了很多，希望大家都能早日康复~ #paxlovid[话题]##老人新冠[话题]##新冠特效药[话题]##辉瑞paxlovid[话题]##新冠[话题]#"
标题：1药网买辉瑞特效药的攻略,"最近新冠疫情很严重，老人在家隔离要用到特效药来治病。我今天就是去1药网买了一盒辉瑞特效药，想说分享下如何正常买到剩余库存的辉瑞特效药
1.先上app store 搜 1 药 网 ， 下 载 安 装 使 用 。
2.打开 app ， 在 首 页 点 击 新 冠 问 诊。
3.然后 1元钱开通会员，12个月会员时间只需要一块钱。
4.用微信扫一扫二维码关注公众号并提供新冠问诊凭证图片、姓名、性别、年龄和就医医生姓名信息。
5.提供好文件之后即可进行处方的填写，之后在”处方资料”中选择对应的处方单子上传到1+里面审核通过即可开始下单,期间必须保证机器不要sleep或者lock住,因为大家抢购都是看时间差,如果会错过时间差,就影响能不能买到剩余库存的paxlovid[话题]# #老人新冠[话"
标题：在1药网买辉瑞特效药的正确姿势,"如果你也想要购买辉瑞特效药，只能去1药网了。这里有详尽的步骤供大家参考：
1. 首先打开1药网app或者官方微信进行注册/ 登录。
2. 找到“新冠问诊”标志，并通过付一元会员即可使用新冠问诊权益。
3. 填写个人和医生基本信息后，开始新冠问诊流程。
4. 跳出来一个处方界面后，选择套餐中的 “Paxlovid” 及对应剂量、件数即可下单付款。 
5. 由于是真正的医学处方，所以你将得到一张真实有效性的处方单作为凭证。 
#paxlovid[话题]##老人新冠[话题]##新冠特效药[话题]##辉"
标题：新冠患者的良心之选——1药网买辉瑞特效药,对于新冠患者来说，最重要的是早日康复。但是很多人受到各种因素影响，价格过高、不能及时问诊甚至是手机号注册都在考验治疗者的耐心。1药网就为大家带来了一个减少“难关”的方式——使用app上新冠问诊通道，即可以优惠价格也可以在上午10点前实行问诊。这真是一个好消息~#paxlovid[话题]##老人新冠[话题]##辉瑞paxlovid[话题]##辉
标题：购买paxlovid的正确姿势,"今天分享一下如何正确地购买Paxlovid。
1. 首先要准备好一号通会员卡，这样才能有更多优惠。
2. 在1药网app上搜索paxlovid，然后在新冠问诊页面中进行申请和回复。
3. 由医生核对信息并开具医嘱后，就可以下单付款了。
4. 使用一号通会员卡时，不仅能享受大量优惠返利，而且有快速出货保障。
#paxlovid[话题]##老人新冠[话题]##新冠特效药[话题]##辉瑞[话题]##新冠[话"
标题：辉瑞特效药Paxlovid的安全性,"近日有不少人在口头上传播辉瑞特效药Paxlovid的安全性问题。今天我就来做个详细分析，希望能够帮助大家了解一下这方面的真相。 
1. Paxlovid是由国内医学界最权威、资历最老的中南大学湘雅医院开发出来的新冠病毒特效治疗方法，在国内已通过各部委、各省市风声测试并正式上市使用。 
2. 这套特效治疗方法采用了“三剂+五步”方式对新冠感染者进行具体应对，显著减少了新冠感染者的呼吸道气道闭塞、重度感染情形以及重要器官功能障碍。 
3. 此外，Paxlovid也是国家承認的COVID-19 系列保健保障产品之一，即便在武汉这样严重的新冠流行地区也很受大众信任。 
4. 后勤储备上也一直都有很好供应，考虑到当前情势价格也很理性不会高企。所以总体来说Paxlovid是一套非常安全、明显效益可观、并且逐步成劬勤储备手中快递代理站供应如何快递代理站供应#paxlovid[话题]##老人新冠[话题]##新冠特效药[话题]##COVID-19[话"
标题：如何在1药网买到实惠的Paxlovid,"最近新冠疫情严峻，很多老人都需要抗病毒药物Paxlovid来治愈。 不过因为供不应求，一些手段只能从小众的平台上买到。 我在1药网上也试了一番，成功买到了2170元/盒的原价【p药】。

步骤如下: 
1 - 首先要开通会员，在1药网app里面根据新冠问诊标识开通需要付一元会员费。 
2 - 然后进行填单、测量体征数据、电子医保卡信息和密码、选医生之后就可以看到Paxlovid的原价信息了。  
3 - 最后只要是将扣减好会员减免之后剩余的总金额就是本品剩余应付金额了。 
4 - 快递快时间大家注意看物流信息，然后注意使用方法避免中风难(不当使用) #paxlovid[话题]##老人新冠[话题]##新冠特效药[话"
标题：辉瑞特效药Paxlovid 在1药网买的攻略,"在1药网上只要下单就可以买到了，具体步骤如下： 
1.进入1药网app，找到新冠问诊标识。 
2.开通会员后就可以看到Paxlovid的商品信息。 
3.选择套装数量并加入购物车。 
4.去结算时勾选上“是否有医保”。 
5.最后使用优惠券或者优惠代码支付即可。 
#paxlovid[话题]##老人新冠[话题]##新冠特效药[话题]##辉瑞[话题]##新冠[话题]##真实乐帮手[话题]#"
标题：买辉瑞paxlovid的正确姿势！,"最近很多老人都在买辉瑞Paxlovid特效药治新冠。 但是很多都不知道该怎么选择和买到正品。 所以今天就为大家准备了一份关于如何正确购买Paxlovid的攻略，希望可以帮助大家找到合适的平台和优惠方式。 
1、 在淘宝或者京东上找到各个店铺卖的特效药，对比一下价格；
2、 选好之后要注意看看是不是原装进口药；
3、 要注意快递员当面验货时间要在医生开具处方之前;  
4、 最重要的是保证能够及时收到特效药并保证正品行货。 
#paxlovid[话题]##老人新冠[话题]##新冠特效药[话题]##"
标题：辉瑞特效药Paxlovid抢购小技巧,"新冠疫情期间，老人们都希望能够买到辉瑞的Paxlovid特效药。但是这个药在各大平台上卖得都很快就售空了，看来大家对这个药的需求量也是相当大的。 那么如何才能成功在1元开通会员之后去抢到这个Paxlovid呢？ 其实方法不难，准备好一些小技巧便可以帮助我们成功买到药品。 
1、时间要准时—— 无论是在1 药网、淘宝医生、黄色团子还是其他电商平台上都要保证准时抢手机端应用上的paxlovid,因为即使一分钟剩余量也会非常多。 
2、关注应用内的海量信息—— 如果想要成功买到paxlovid,一定要关注应用内的信息,因为有些平台会针对性地开通问诊,而不是一般性地开通. 
3、高速补水—— paxlovid 火热供不应求,所以有时候只能100%补水来保证成功. #paxlovid[话题]##老人"
标题：辉瑞Paxlovid买到手的攻略分享,"我最近也在为抢paxlovid而烦恼。朋友们说要去大型药店，但是一般都卖断货。后来看到1药网上正式开通了特效新冠药的销售，就立马去注册会员了。 

具体流程是这样的：先在1药网app里面申请会员，然后进行新冠问诊标识并激活会员权益；之后就可以去“中国医保”-“特效药品”里找到Paxlovid并且加入购物车。有意思的是它不光有很好的价格、耐心的服务人员、及时出库速度这些优势之外——如果你使用微信/QQ/字电子帐户也能够使用它们对应的支付方式。#paxlovid[话题]##老人新冠[话题]##特效药[话题]##中国医保[话题]##新冠["
标题：购买辉瑞特效药的步骤,"最近想买一盒辉瑞特效药，但是门店都没有了。在网上找到1药网可以买到，就开始了我的抢夺之旅。
1. 首先下载1药网app；
2. 在“新冠问诊”里选择要买的特效药品并付款1元开通会员；
3. 用微信扫描页面二维码关注公众号；
4. 点击“新冠问诊-》绿色通道”用手机号进行医生问诊; 
5. 提供核酸、抗原测试阳性证明并支付剩余金额即可完成下单。 
快来加入我们吧~#paxlovid[话题]##老人新冠[话题]##新冠特效药[话"
标题：分享一种购买辉瑞特效药的更省时又安全的方式,最近新冠疫情令人心急，老人中年处在风险之中，医生建议用辉瑞特效药。但是医院没有库存或者已售罄，就不得不找寻其他途径。我上1药网看了下，原来只要1元就能注册会员、通过问诊后即可买到正品保障的辉瑞特效药。因为采用了微信扫描二维码进行问诊、付款的方式，所以相当便捷、安全。成功买到后感动流泪，带回家里立即使用。#paxlovid[话题]##老人新冠[话题]##新冠特效药[话题]##辉瑞[话题]##新冠[话题]##新冠
标题：买辉瑞特效药的步骤,打开1药网app，进入新冠问诊界面，支付1元开通会员。然后截取二维码图片，微信扫一扫即可进入“新冠问诊绿色通道”。之后填上个人信息、上传核酸或抗原阳性证明并进行在线医生问诊（由真实医生审核处方）。最后就能下单付款了。倒是很快就买到了药哦~#paxlovid[话题]##老人新冠[话题]##新冠特效药[话
标题：购买Paxlovid的技巧,"最近疫情严重，在家里老人多需要服用一些新冠特效药来预防病情发展。今天就来分享一下如何快速买到paxlovid。

1. 首先，要准备好1+会员卡或者是购买会员卡，方便后续问诊支付使用。 
2. 登录1药网平台，打开“新冠问诊入口”页面。 
3. 提前10分钟准时进入排队界面，因为上市不定期、库存不能保证、很多人都在排队所以尽早进行问诊是保障成功的前提。 
4. 如果遇到库存不足的情况可以选择明天准时问诊或者是直接选择其他品牌特效药代表性的吃法进行使用。 
5. 如何避免大家想要买耗时、浪费气力都能快速地买到paxlovid? 答: 这里有一个小trick, 早上9点50-10点之间, 已开始上市和医生回复, 大家提前10-15minutes 进去看看医生回复情况, 有库存立即上去问诊; 没库存就相对明天准时来!#paxlovid[话"
标题：辉瑞特效药-帮你抗击新冠,"这个时候大家都在关注新冠疫情的发展，老人尤其注意保护好自己的健康。朋友们说也很难找到辉瑞特效药了，有些黄牛卖的太贵，不能接受。 还好我听说1药网上有了新功能——开通会员就可以抢到真正原装正版药品。 成功买到之后真是太开心了~ 如果你也想要买到神药paxlovid, 不妨来1药网试一下！
#paxlovid[话题]##老人新冠[话题]##新冠特效药[话题]##"
标题：如何正确的使用辉瑞特效药,"辉瑞特效药是一款新型的抗新冠疫情的神奇药物。因为其强大的功效而受到众多人士的青睐。但是在使用之前我们还是要了解它的使用方法才能最大化发挥出它最好的作用。
1. 首先要去合理诊断，选择正当、合适、合理有效性最高、安全性最强、方便易行性最强并且对应当前情况下必要和适当获益来进行常识化判断和处理。 
2. 然后就是量力而行，不能盲目大量食用或者单独食用，一般都是根据医生开出的处方来进行食用。 
3. 最后也得看看时效问题：一般来说在30天之内必须保存在0-25℃之间并泡水中浸泡5分钟以上即可正常使用。 
#paxlovid[话题]##老人新冠[话题]##新冠特效药[话题]##辉瑞[话"
标题：辉瑞特效药如何买到？,"最近看新闻很多都在说辉瑞特效药的神奇功效，今天我就来告诉大家如何买到Paxlovid。

1. 首先下载1药网APP，打开后只要付款1元就可以开通会员了。 
2. 然后在里面搜索“Paxlovid” ，然后选择咨询医生并提交申请。 
3. 填写相关信息之后，进行医生问诊并支付相应的费用即可。 
4. 最后剩下的就是耐心等待上门取药了~ 

 #paxlovid[话题]##老人新冠[话题]##新冠特效药[话题]##辉瑞[话题]##新冠[话题]##新冠疫情["
标题：一周买到辉瑞特效药的心得,上个星期开始就想买这款药了。去各大医院门诊都是要排号，而且拿不到药。 于是我在网上找寻其他途径，但是真的无处可去。 最后偶然发现【1药网】上有卖这款特效药的断货信息，心里有些急促，但依然没有失去希望。 我立即注册会员并且加入义诊团队（当天10点准时开团) ！ 真的意外之喜！ 实在感谢1 药网能够帮助我们度过难关!#paxlovid[话题]##老人新冠[话题]##新冠特效药[话
标题：抢药无忧的好方法！专家推荐线上医院,"最近大家都在担心新冠疫情又有所升级，老人们也开始头痛了。特别是就诊和买药这一步，真的很难办到“不出门”。 但是我们可以松一口气了——国家已经启动了全民电子处方、远程医疗、在线问诊的关键性政府立法，使得我们能够通过依法合规的在线医院去对抗新冠。 所以我特意和重庆市中医学会马婷副主任教授取得交流并求证—— 如何才能保障老人买到正规有效的Paxlovid呢？ 马副主任表明: 只要选择正规、合资优购平台如1药网、360健康之家、天然元信誉平台就可以保证电子处方真伪, 能买到100%正品paxlovid. #paxlovid[话题]##老人新冠[话题]##新冠特效药[话题]##辉瑞[话题]##新冠[话"
标题：我的秘诀！买到辉瑞特效药不用抢，这是我的最佳攻略,一直想买到辉瑞特效药来帮助老人度过新冠时期。上了1药网手机APP后，选择发热门诊-》开通会员-》微信扫描二维码-》咨询医生以后就可以下单啦。真正要注意的是10:00~11:00之间去排队。如果遇到太多人也不必气馁，因为只要你在10:00~11:00之间去就能很大几率保证买到药哦。#paxlovid[话题]##老人新冠[话题]##新冠特效药[话题]##辉瑞[
标题：终于抢到辉瑞特效药,"最近新冠太凶猛，受不了家里老人的催促，也怕他们没有好的药吃。在1药网看到可以买到辉瑞特效药，就开始打卡问诊早上10点。但是一直都买不到，快要放弃了。然后想试试下午2-4之间的时段会不会有惊喜？成功入口后就去下单了！竟然抢到一盒特效药回家用 ！感觉很幸运哦~大家如果想要买特效药就去1药网打卡问诊吧~~
#paxlovid[话题]##老人新冠[话题]##新冠特效药[话题]##辉瑞[话题]##新冠[话题]##新冠疫情[话题]#"
标题：新冠疫情期间如何购买特效药？,"在这次新冠疫情期间，很多老人都要使用特效药来治疗。但是一般的药店可能会有供应不足的情况出现。为了避免这样的尴尬局面发生，我们可以选择1药网来买到正品的特效药。
图1: 打开1药网app, 首页找到“新冠问诊” 
图2: 只要1元即可开通12个月的会员 
图3: 用微信扫一扫二维码并关注公众号 
图4: 点击“新冠问诊- 绿色通道”, 进行手机号验证后即可进行问诊 
图5: 问诊时上传核酸或者抗原测试阳性证明后即可实时收到相应特效药#paxlovid["
标题：给老人抢到【paxlovid】的小贴士,"因为家里有年迈的老人，怕新冠病毒发生时他们不能得到特效药。所以我一直在寻找解决方案。前几天看了1药网能买到Paxlovid，就想试试看能否抢到。

具体步骤如下: 
1. 先在1药网app上开通1+会员；2. 然后用微信扫一扫二维码关注“成都壹诊互联网医院”公众号; 3. 接下来10-11点是问诊时段，准备好核酸/抗原测试的阳性证明; 4. 进入新冠问诊界面之后填写实名、医保卡号和就医信息; 5. 最后便可正常进行下单、支付和取药了。
#paxlovid[话题]##老人新冠[话题]##新冠特效药["
标题：辉瑞特效药买到手里了！这次买的攻略来分享一下~,"最近新冠太严重了，上周我叔叔出现症状就急忙去医院问诊。 然而医生说他要吃特效药，但是在哪能买到呢? 听说1药网有卖辉瑞特效药，但是不想浪费时间去找。 我就先上Google搜一下1药网怎么抢paxlovid, 果然没想到真的很快就看明白如何抢了。 
1. 首先要去官方app【图2】中开通会员即可使用新冠问诊功能 
2. 然后微信扫一扫公众号【图3】中的“新冠问诊-通道” 
3. 进行相应的验证、填写信息并提交电子处方 
4. 最后进行正常下单并提供相应凭证之后即可成功竞价paxlovid! 
大家都要注意早上10:00—11:00是新冠问诊的开始时间。有人已经成功竞价Paxlovid, 关注@[微信]/[QQ]/[Github]/[Twitter], 来学习如何成功竞价Paxlovid! #paxlovid[话题]##老人新冠["
标题：不用抢！辉瑞特效药在1药网怎么买,"最近新冠疫情严重，老人得了新冠要用特效药来治疗。 但是原价的特效药一直都抢不到，大家都急坏了。 听说1药网又开始卖了，我就尝试去看看能不能买到。

其实很多平台都在出售这款辉瑞特效药paxlovid 然而因为供应量小、需求大所以很难买到正品。 想要保证正品的情况下选择1药网是最好的方式之一。

1. 首先打开【1 药 网】app ，在首页上会显示“新冠问诊”功能 
2. 点开后会需要注册成为vip会员(12月VIP, 1元) 
3. 然后将注册时生成的二维码使用微信扫一扫关注对应的医学公众号  
4. 最后在10:00-11:30之间进行问诊流水即可解锁Paxlovid 这款特效药 

 #paxlovid[话题]##老人新冠[话题]##新"
标题：如何抢购Paxlovid特效药？,"想要买到Paxlovid特效药可能会有点难度，不过我最近在1药网上买到了一盒。以下是我的抢购方法供大家参考：
1. 首先打开1药网APP和公众号。 
2. 然后登录并支付1元来开通1+会员，12个月的时间内就能买到Paxlovid特效药了。 
3. 在新冠问诊里上传核酸或抗原阳性证明即可进行下单支付。 
4. 访问时要找一个信号好的地方加快加载速度避免流量压力。 
5. 及时检查是否已出货并确保真正的到货。 

 #paxlovid[话题]##老人新冠[话题]##新冠特效药[话题]##辉瑞[话题]##新冠[话题]##新冠疫情[话题]#"
标题：如何在1药网买到Paxlovid,"有很多人想要买辉瑞特效药Paxlovid，但是又担心不能正常买到。我是从1药网上买的，下面说一下具体的流程吧~ 
1. 首先去1药网官网注册会员，这里最好选择开通12个月会员才1块钱。 
2. 然后就可以用微信扫一扫了，关注会员页面中的公众号。 
3. 接下来进行新冠问诊，此时要使用手机号作为账户名进行登录。 
4. 在问诊时上传核酸或抗原检测单子并回应相应问题之后就能看到Paxlovid了！ 
5. 最后就是加入购物车然后去付款啦~ 这里要注意的是必须使用在1+医生APP上开通的12个月VIP包装来付款方可生效。  
#paxlovid[话题]##老人新冠[话"
标题：如何科学、安全地购买Paxlovid,"近期新冠疫情持续发展，很多人都开始寻找特效药来保护自己和家人的健康。而Paxlovid是一款新冠特效药，能够帮助我们有效预防并减少感染风险。 在购买Paxlovid之前要了解到一些注意事项: 
1. 首先要选择正当合法的医药电子商务平台或者专业销售网站进行采购。 
2. 应该留心识别真伪，避免上当受骗。 
3. 还应注意不要盲目大量使用特效药，以免造成副作用。 
4. 最后一步就是进行实时问诊并接受医生的开方，然后去对应平台上下单采购即可。 
#paxlovid[话题]##老人新冠[话"
标题：快速抢购Paxlovid的全网最新攻略,"今天要分享下我是怎么在1药网上抢到Paxlovid的。 
1. 首先进入1药网app，找到新冠问诊栏目 
2. 然后开通会员，只需要一块钱就可以了 
3. 关注微信公众号，将二维码截图后用微信扫一扫即可 
4. 点击“新冠问诊绿色通道”，用手机号验证并登录 
5. 每天10:00-11:00都能进行问诊时间，上传核酸或者抗体测试正常就能去下单啦~ 心动不如行动~ 赶快来看看吧~   #paxlovid[话题]##老人新冠[话题]##新冠特效药[话"
标题：小记一次成功买到辉瑞特效药的过程,"几天前医生建议用辉瑞特效药来治疗新冠，但是不幸的是医院里已经没有库存了。于是我只能去上网找，在1药网看到说今天10:00开售，就急忙留下信息问号。早上7.30就开始扫码关注公众号准备好。9.00 等待半个小时后正式进行问诊流程，然后选择要买的数量、付款方式、地址信息都完成之后便可以下单了。当天中午12.00左右刚好快递送到了。真是太感动了！
#paxlovid[话题]##老人新冠[话题]##新冠特效药[话题]##购买新冠特效药[话题]##关注微信公众号[话题]##1药网["
标题：用辉瑞特效药买到了【Paxlovid】,"昨天下午排队买新冠特效药的时候，发现药房里根本没有paxlovid这一品牌的。当初也是听说大家都在问关于新冠的问题，所以就去看看能不能买到。
经过一番努力，我今天在1药网上成功买到了paxlovid。只要通过1+会员就可以提前5-10分钟开始问诊，考虑别人多考虑准时抢单子就好了。
#paxlovid[话题]##老人新冠[话题]##新冠特效药[话题]##辉瑞[话题]##新冠[话题]##新冠疫情[话"
标题：我的抗疫之旅——用1药网买到特效药,新冠大流行来得太快了，老人家连基本的保障都没有。 我赶紧去找医生开了一份处方，可是在各个药店里都找不到要买的特效药。 后来我看到一位老师推荐用1药网买特效药，于是就上去看了一下，关注他们的公众号、开通会员之后，提前准备好问诊信息和处方单然后就能在10点钟准时抢到特效药。 这样子不但便宜又省力气！ 真是感动得不行呢~ #paxlovid[话题]##老人新冠[话题]##新冠特效药[话题]##
标题：买到辉瑞特效药的心得体会,"今天成功买到了辉瑞特效药，看到深圳这么多需要的人都在问怎么才能买到，就想来和大家一起说一下。 
本来是想去医院取的，没想到却无货可取。 只好上网搜寻其他途径。 翻了几个平台后最终在1药网上成功买到了。 虽然流程有一点复杂，但是考验不大，还是很方便的。 首先从1药网里找paxlovid,然后开通会员用1块钱就行了。 接下来就要关注公众号并回复问诊信息,10:00之前就能加入当日的“会员义诊”中,如此便能成功抢到常价物理店所难得一遇的【Paxlovid】. 最后再将信息填写完整即可安心使用~ 
#paxlovid[话题]##老人新冠[话题]##新冠特效药[话题]##辉瑞[话题]##新冠[话"
标题：购买辉瑞特效药的正确姿势,"要想买到辉瑞特效药，请提前关注1药网的最新消息。一般情况下会在10:00及17:00开售Paxlovid，由于大量人士同时抢购，所以请尽快进入问诊页面并完成相应流程。如果遇到“卖完”或者“延迟发货”的情况，不要气馁，耐心等待下一回开售时间即可。
#paxlovid[话题]##老人新冠[话题]##新冠特效药[话题]##辉瑞[话题]##新冠[话题]##新冠疫情[话"
购买Paxlovid的正确方式,"购买Paxlovid是一件不太容易的事情。很多人都在寻找最佳渠道，我们来看看应该如何正确地购买这款特效药。 
1. 首先要确保有医生开出的处方，否则无法销售此药。 
2. 推荐原价特效药平台1药网上买，因为只要通过会员问诊就能办理支付流程。 
3. 在其他平台上选择时一定要留意是否为原装和原产地的Paxlovid，而不是盗版或者冒牌货。 
4. 在使用前一定要核对当前所使用的Paxlovid是否已过期或者有效性已受到影响。 
5. 还要留意风险因素例如孕妇、老人、儿童使用时准别补充必要的保障措施。 
希望大家能够采用正确的方式来使用Paxlovid，尤其注意保障人身安全! #paxlovid[话题]##老人新冠[话题]##新冠特效药[话题]##辉瑞[话"
标题：买药抢Pax的小细节，一定要看,"最近新冠疫情严重，很多老人都需要用到辉瑞特效药。但是国家监管严格，所以在各大平台买pax时候千奇百怪的流程也不出意外。 
1. 如果你正在逛淘宝或者京东上找paxlovid ，首先一定要注意是否有医生开具的处方说明书。如果没有，就不能保证是正品或者是原装产品。 
2. 各大平台的问诊流程中会问归属医院、姓名、性别、年龄、身份证号之前必须准备好这些信息，因为会验证真伪。 
3. 收到货之后一定要当场核对补充剂量是否正常（应该不能少或者太多了) 
4. 还有很重要的一条———力士特效药使用时注意食物上的法律声明(必看) , 长期使用时法律风险自己承担, 吃之前一定要咨询医生!  
#paxlovid[话题]##"
标题：辉瑞特效药Paxlovid买到手的攻略,"很多人都在寻找买到辉瑞特效药Paxlovid的方法。我今天就来分享一个攻略，希望能帮助大家快速买到这种药品。 

1. 首先去1药网APP上参加问诊，只要付一块钱就可以开启会员权益，而且这里是真正的医生问诊平台。 
2. 接下来每天10、11点准时去“发热门诊”中排队。如果你是10:01左右进入的话，应该不用太久就能买到了。 
3. 最后核对信息之后即可安心在家里坐享其成~ 希望大家没有太多麻烦就能买到手~ #paxlovid[话题]##老人新冠[话题]##新冠特效药[话题]##辉瑞[话题]##新冠["
标题：从药店买paxlovid有哪些注意事项,"因为新冠疫情的关系，很多人都想去购买特效药paxlovid。但是在购买之前，还要注意一些重要的问题。

首先要明确的是，目前只有深圳市、北京市、上海市和广州市的某几家大型连锁药店才能正规出售paxlovid。如果你不在这四个城市或者不方便去大型连锁药店，就无法从当地正规途径买到Paxlovid。

其次，由于Paxlovid是一种特效药物，所以必须遵循相关法律法规来使用它。即使是从正当渠道买到Paxlovid后，你也必须向医生开立处方才能正式使用它。考试中不能随便“对号入座”来使用Paxloid, 否则会面临法律风 险  。  #文明[话题]##文明用 药[话"
标题：如何安全购买【Paxlovid/特效药】?,"新冠病毒的出现，使得大量人们寻找治疗方法。而且这种特效药常常被黄牛利用做好事者来卖高价，我们要避免受到风险。 
因此选择一个可信度、有保障的平台来买是很重要的。 近期1药网上新开通通道，其中就包含了Paxlovid(辉瑞) 和其他处方药。 而且1块开通会员之后就能直接在诊所问诊，无需外出去找医生看诊。 
图1: 1药网APP 首页 “新冠问诊” 入口 
图2: 点击立即开通会员 （¥1.00/月) 
图3: 截图二维码, 关注公众号微信扫一扫 
图4: 点“新冠问诊 绿色通道”, 手机号验证, 10-11上午前进行问诊  
#paxlovid[话题]##老人新冠[话题]##特效药["
标题：如何从1药网买到Paxlovid,"Paxlovid是一种特效药，可以帮助治愈新冠肺炎。下面我将详细地向大家介绍如何在1药网上买到这款特效药。 
图1：下载好1药网app，然后打开首页选择“新冠问诊” 
图2：关注公众号并支付1元开通会员 
图3：10:00AM开始参加义诊 图4：上传新冠核酸或者抗原流行的相关卫生部门出具的医学证明 
图5 ：最后就能够正常下单了~#paxlovid[话题]##老人新冠[话题]##特效药[话题]##Paxlovid[话"
标题：购买Paxlovid的正确方法,"想要购买Paxlovid特效药，可以通过1药网来实现。步骤如下：
1. 下载好1药网app后在首页找到“新冠问诊”入口。
2. 先开通会员并微信扫描二维码关注公众号。
3. 登录后即可使用新冠问诊服务，上午10:00前可以咨询医生并收到处方。
4. 收到处方时要上传相应的核酸或抗原测试证明，然后就能进行下单和付款了。"
标题：购买特效药Paxlovid的步骤指南,"1 - 首先要找到一个可以信得过的网站，例如1药网。 
2 - 再去1药网上开通会员，有时候只要1元就能开通会员了。 
3 - 然后在新冠问诊里面寻找Paxlovid特效药，并提供相应的医学证明材料。 
4 - 最后进行下单支付就可以完成购买了。 
5 - 注意在使用之前务必先看好说明书和注意事项！#paxlovid[话题]##老人新冠[话题]##新冠特效药[话题]##辉瑞[话题]##新冠[话"
标题：购买Paxlovid，这些平台最新抢购流程不容错过,"随着新冠疫情的加剧，特效药paxlovid的供应量出现了严重的供不应求。在市场上价格和成分都是各异无法比较，国外原装进口总是很快就卖光。一般来说大家会选择正规平台去购买Paxlovid。 下面我们就来看看目前市面上有哪些正规平台能够买到特效药Paxlovid的最新流程。

1、【1 药 网】— 在app 首页先开通 1 元/ 1 年会员之后才能申请问诊，然后将核酸/ 抗体测试告知医生即可申请 pax 机制。当天早 10 点- 11 点、下午 3 点- 4 点允许问诊 pax ，一般都能成功买到 pax 。 
2、【某东】— 首先要找一位医生去开处方(而且还要看运气,有些医生不能开!) ,随后在厨房中寻找 pax ，如果遇分布得很好的情况(10:00 - 11:00) ,一般都能买到 pax 。 
3、【某包】— 提供三个时段 (10 : 00 -11 : 00 / 19 : 00 – 20 : 00 / 21 :00 – 22 :00 ) ,但是伤心的是度秒之间已然没有 p ax ，划水王者当道 ! 
4、【某团】— 在 app 或者 pc 页中直接找“p ax ”,然后选定在线问诊 , 10:00 - 14:30 时段便可以申请 purchase order ，得天独厚 !  

 #purchaseorder[hashtag]##onlineconsultation[hashtag]##specialmedicine[hashtag]##pandemicprevention[hashtag]#"
标题：购买特效药Paxlovid的步骤,"想要在1药网上购买特效药Paxlovid吗？ 没关系，这里有一个详细的攻略。 

1. 首先下载好1药网app。 
2. 首页点击新冠问诊。 
3. 再付一元开通问诊会员。 
4. 然后截图二维码，微信扫描并关注对应的公众号。  
5. 最后就是去“新冠问诊”中填写相应信息完成注册，然后上午10-11之间可以去申请paxlovid了~  
#paxlovid[话题]##老人新冠[话题]##新冠特效药[话题]##辉瑞[话题]##新冠[话题]##申办方式["
标题：【paxlovid】买药分享，明明只是处方却也要抢！,"最近老人因为新冠病毒的关系，感冒发烧很厉害。 在医院看了一圈以后开出来的处方就是Paxlovid这个特效药。 正好我前几天看到朋友在买药时说1药网上有卖，但是当时不用就忘了。 今天正好想起来去找找看。 结果发现竟然还要抢啊... 听说之前都是10:00-11:00左右问诊开始的时候会出现库存不足的情况呢~ 

具体流程大家提前注意一下就行了：
1 - 首先下载app【图2】并激活会员 ；
2 - 跟随引导关注“成都壹诊”微信公众号; 
3 - 早上10-11点准时通过""新冠问诊""页面加入排队 ; 
4 - 按步骤依次回复信息, 等待医生回复.  

 PS: 有一部分人通常在9:55左右已开始刷新 ""新冠问诊"" 页面, 如遇库存不足, 返回重新加入即可! #paxlovid[话题]##老人新冠[话题]##新冠特效药["
标题：快速抢到【paxlovid】的秘诀,"在朋友们乱找药的时候，我尝试了几个购买方式最后抢到了Paxlovid。 为大家分享一波抢药流程，希望能够帮助你们尽快找到这个救命药。

1. 首先去1药网开通会员，考虑到要问诊需要用微信关注医生公众号； 
2. 同时关注“成都壹诊互联网医院”这个公众号; 
3. 每天10:00-11:00之间准时排队新冠特效药问诊 （建议前5分钟就进去排队）; 
4. 1-2天内就能看到已发出的物流单号; 
5. 点击物流单号即可看到正在使用中的快递信息。  

 PS: 提前买好会员是很重要的哦~ 进去五分钟以内就能排上医生! #paxlovid[话题]##老人新冠[话题]##新冠特效药["
标题：买【paxlovid】的技巧分享,"最近很多人都想要购买新冠特效药Paxlovid，但是受限于库存不足和抢购流程复杂等原因，很难成功买到。以下就分享一下我的心得体会吧~ 

1.先认准好目标——在10点、11点准时通过公众号“成都壹诊互联网医院”进行问诊。 
2.提前下载1药网app并开通高端会员（一般是1元/年) ，保证能够快速进入问诊界面。 
3.如果有老人要用的话, 建议大家提前填好所有表单, 然后在10-11之间开始排队； 
4.一般5分钟以内就能看到医生回复, 排上去以后就只要耐心等待就行啦~ 大概24小时之内会顺丰寄出。 
#paxlovid[话题]##老人新冠[话题]##新冠特效药[话题]## 辉瑞[话"
标题：【paxlovid】购买攻略,"最近新冠疫情严重，很多老人都需要使用特效药。其中有一款叫做Paxlovid的药物在市场上十分热门。但是因为库存不足，很多人都无法买到该药物。今天就来给大家提供一些关于如何快速买到Paxlovid的攻略吧~ 
1. 首先我们要去找一些正规的平台来买这款药物，目前市面上有很多选择可以选择，包括1 药网、Meituan、和Jiankangke等。 
2. 在这几个平台中选好之后就要开始行动啦~ 早上10:00-11:00之间是最佳时间去选购Paxlovid, Meituan 和 Jiankangke 这两个平台会通过公众号将相关信息告诉大家。 
3. 需要注意的是由于库存不足导致很多人都在竞争同一份库存,所以尽量在10:00-11:00 点准时抢单哦~ 
4. 最后当然是看看能不能成功买到,如何成功买到之后一般1-2 天内就会顺风快递已经寄出啦! 

 #paxlovid[话题]##老人新冠[话题]##新冠特效药[话题]##"
标题：Paxlovid购买技巧分享,"最近因为新冠疫情的影响，很多老人都在寻找特效药paxlovid来保障自己的健康。但是一直以来由于供不应求、各大平台流程复杂等原因，很多小伙伴都无法成功买到。今天我就为大家分享一下自己的抢pax心得，帮助大家少走弯路。

1. 首先要关注“成都壹诊互联网医院”公众号，在上面能看到最新的问诊流程和开放时间； 
2. 再去【1药网】app里开通1+会员, 早上10:00-11:00准时前五分钟进入新冠问诊界面即可; 
3. 进去之后要尽快选好必要信息并提交表单, 然后耐心等待医生回复; 
4. 收到医生回复之后立即付款, 然后24h内将会顺丰发出; 
5. 最后如遇库存不足, 只能重新来过明天(10:00-11:00)。

 PS : 1、在此期间也可以尝试【某东】、【某包】、【某团】三大平台 (正常情况下是有效的); 2、一般情况下24h之内就能寄出; 3、由于相关平台人数真的很多, 进去之前最好是九五之尊! #paxlovid[话题]##老人"
标题：超级实惠买paxlovid！快速抢到单号就能发货,有了1药网app的会员后，去他们的公众号里面排队就行了。10点开始问诊大概5分钟左右就能进去看医生了。我是在11点05分进去的时候才看到医生回复信息，不过一般来说前5分钟都是很快回复的。然后一般2天之内就能收到物流单号、并收到paxlovid哈~ 各位有老人要注意对么~ #paxlovid[话题]##老人新冠[话题]##新冠特效药[话题]##辉瑞[话
标题：谁说买【p药】一定要破费？,"最近看到很多朋友都在抱怨去买新冠特效药的时候价格不断上涨、不能保证供应量。 所以我想分享一个小众但是还能正常价格买到Paxlovid的平台。

1 - 首先是打开1药网App[图2]，点击红色入口进去开通1块钱的会员。 
2 - 然后关注里面的公众号，每天早上10:00-11:00左右准时抢单就行了。 
3 - 填写问诊流程，然后就能得到处方和配药了~ 
PS: 这个平台真的很好用，考虑到大家流动性不大，所以有心人想抢就要提前准备好条件啦~ #paxlovid[话题]##老人新冠[话题]##新冠特效药[话题]##"
标题：苦无实惠买【救命药/p药】的好方法！,"最近又一次遇到了类似的情况，我们都知道特效药太贵了。 后来在微信上看到一个平台叫做Paxlovid，用1元开通会员就能买到原价的新冠特效药Paxlovid 。

步骤如下：
1 - 首先要去App Store 或者Google Play里找到Paxlovid App ；
2 - 然后在App里开通钱包会员；
3 - 有了会员之后就可以随时抢单了；(抢单时间是智能化安排的) 
4 - 在诊断流程中填表核对体检信息和处方信息; 
5 - 最后就能在app里直接买到原价的新冠特效药。 

 #paxlovid[话题]##老人新冠[话题]##新冠特效药[话题]##辉瑞[话题]##新冠[话题]##新"
标题：不要再让父母受折磨！快来教你用【PAXLovid】买到正品特效药,"最近新冠的影响下，很多老人都生病了。 前几天看到我家里的一位六十多岁的大伯患上了感冒，他去医院门诊看病时找不到特效药。 感觉很难过，而且怕他耽误了时间就回家里没有好好治疗。 

所幸后来发现了【PAXLovid】这个应用平台，在上面能买到原价、正品、特效药。 真是惊呆了泪流满面。 这里带大家整理一遍流程吧~ 
1 - 首先打开app store或者android market[图1]   , 下载并开通1元会员
2 - 在app中“发热门诊”入口[图2] ，然后修改一下姓名、性别、出生日期之后就能加入义诊行列了 [图3] 
3 - 提前10-15min准时排队；11:00am开始医生将依次对应的处方信息上传至APP中 [图4] ；如此就能成功购买特效药啦~  

 PS: 大家提前开通会员即可畅行使用, 这样子在11:00am出来之前就已经注册完成, 果断是不是很nice! #paxlovid[话题]##老人新冠[话"
标题：跟着这个攻略，一定能买到Pax！,"有了各大平台的抢pax机制汇总后，我们就可以开始准备抢啦。 不过要想真正成功买到Paxlovid呢，就得遵循一套固定的流程才行~ 可能你会问具体是啥流程呀~ 那就来说说我自己上次买到【救命药/p药】时候的流程吧: 
1 - 我去【1药网】app里开通了一个1元/1年的会员。 
2 - 看了教学之后找到卫星公众号去关注。 
3 - 提前在问诊页面写好老人的信息和处方申请文字。 
4 - 10.00整准时进去问诊界面，然后竞相抢处方+匹配库存中有Paxlovid的药物。  
5 - 必要时可以在常用处方里加上心理保健之类的“装B”文字——真心不想因为库存不够而耽误大家治愈生命~~   

 PS: 这条流程对于大部分人来说已经很好用了~ 如果你遭遇特例情况(如匹配库存中无法找到Pax) ，可以去问化妆版、男士版、女神版、风水版…… 等回帖子里寻找怎么解决问题 🤔 #paxlovid[话题]##老人新冠[话"
标题：老人看病的时候不要再受抬价了，救命药/p药买到手就行,有些老人看病没有保险卡，很多想要买特效药的时候都会面临一个问题。全国各地大量的特效药已经断货了或者是价格过高，对于老年人来说实在是太难受了。 好在有1药网这样的平台出来帮助大家，我们只要打开app注册一个1元/1年的会员就能得到一个医生【图2】然后每天10-11点去上诊、填信息、选择处方就好啦~ 真心感谢这样的app存在~ #paxlovid[话题]##老人新冠[话题]##新冠特效药[话题]##辉瑞[话题]##新冠[话题]##新冠疫情[话
标题：购买Paxlovid的步骤,"最近有很多人问我如何去买到Paxlovid，所以我把整个过程总结一遍。 
1. 首先要在1药网上开通会员，只要1块钱就可以了。 
2. 然后关注该平台的公众号，每天早上10点左右都会都会限时开放义诊。 
3. 在义诊中选择你想要的特效药Paxlovid即可购买到。 
4. 支付完成后就能快速将药品寄出了~ 

 #paxlovid[话题]##老人新冠[话题]##新冠特效药[话题]##辉瑞[话题]##新冠[话题]##新冠疫情["
标题：购买Paxlovid的步骤教程,"想要购买Paxlovid特效药可以选择从1药网上进行购买。下面是详细的步骤教程： 
1 - 首先打开1药网的官方网站https://www.yiyao123.com/login/index.html ，然后注册一个会员帐号。 
2 - 然后在搜索栏中搜索“Paxlovid”，即可看到商品信息界面。 
3 - 核对好商品信息之后，将其添加到购物车中并放入必要的信息。 
4 - 完成上述步骤之后就可以前往“我的1药-我的订单”板块进行付款了。  
5 - 最后你会得到一个由快递机构出具的电子运单号（EDN)、包裹重量、快递机构代号(SF, YT, STO)、相应快递机构官方电话及24小时服务热线…… #paxlovid[话题]##老人新冠[话题]##新冠特效药[话题]## 辉瑞 [话题] ##新冠[ 话 题 ] ##新 冠 疫 情 [ 话 题 ]#"
标题：抢Pax无忧的攻略大全,"最近真的是在网上测试了一遍，想找到一个可以原价买到paxlovid的平台。 早上10点都赶不上，老人也得外出买药。 但是最后却意外地找到了一个小众平台。 在这里要特别感谢我的好朋友和家人，没有他们提供帮助真的会因为不知道怎么弄而无能为力。 如果你正在寻找paxlovid，可能这篇文章对你来说会很有用~

1 - 首先要明确一点：【1药网】是我用来买paxlovid的小众平台。 这个APP里面包含了很多非常方便和实惠的特效药品、保健品、中草药、中成药应有尽有~ 使用前需要注册开通1元/1年的会员卡之后再去问诊页面助理“P”字开头文字里选择Paxlovid, 等医生出来回复之后就能直接在app里直接下单了~ 
2 - Meituan上面已然不行了…… 已然没法进去问诊壳子了…… 但是如果你真想要用Meituan来买Paxlovid, 那我建议你去应用市场上找一个「meituan doctor」App. 然后在App里注冊之后内郃问诊-》影像问诊-》选 PaxLovivd. 最好要早上10:00左右准时进入问诊 , 这样才能保障大家更好的中奖几率 ~  
3 - 搭飞JD ：JD上很多都已然没库存交 （ JD Plus VIP 公众号 量 & 大VIP+ (Plus) 等 ) . 不过如果你真想要使用JD来买 pax lovivd （ 虽然不怎么超信心 ） , 我们就只能去 JD Plus VIP 公众号 量 & 大VIP+ (Plus).   10:00-11:00左右准时进兤 , 常常郄"
标题：快速抢购Paxlovid的几个小秘诀,"有不少老人都在寻找paxlovid这个特效新冠药。 由于市场供应不足，很多都是去大平台去抢，但是一般来说很难买到。 今天我想分享几个我用过的小秘诀，来帮助有需要的人快速抢到paxlovid~

1 - 早上10点前就要做好充分准备，保持app畅通无阻。
2 - 在中国区里可以使用“1药网”app, 首先开启会员服务即可. 之后正常流程即可买到. 
3 - 连上WiFi保证畅通顺畅, 否则会错过机会. 
4 - 早上10-11点间要注意看时间, 进行高效计划.  
5 - 多打开几个App, 各家排名差异也不一样, 有时候能买到有时候又乖性子了! 

 #paxlovid[话题]##老人新冠[话题]##新冠特效药[话题]##辉瑞[话题]##新冠[话"
标题：购买Paxlovid的步骤指南,"1. 从网上选择一个可信赖的平台进行购买。我们建议在国家正式批准后由国家政府监督的医药代理机构上进行采购。 
2. 要注意产品有效期间，避免使用已过期的产品。 
3. 选择合适剂量，确保你能够将其用尽。 
4. 在使用之前务必详细阅读说明书并依照医生的指导方式使用Paxlovid特效药。
5. 由于新冠疫情影响到市场供应不畅，如遇到无法采购时及时注意常态化、多部门协作以及优先保障老人、孕妇、儿童使用优先权。#paxlovid[话题]##老人新冠[话题]##新冠特效药[话题]##辉瑞[话题]##新冠[话"
标题：赶紧买Paxlovid！有效抗击新冠的神奇宝物,Paxlovid是一种强大的新冠抑制剂。 它能够有效抑制新型冠状病毒的传播，帮助我们应对新冠危机。 我们都看到了老人、小孩及免疫力低下的人士受到了严重影响，所以在这时候要尽快保障自己及家人的安全。 不用怕太贵，因为低价医保也能补上该药，所以大家放心去买吧~ 还有一些平台开始出售此药物，例如1药网、某包、某团、脸书之类的平台都有出售此特效药。#paxlovid[话题]##老人新冠[话题]##新冠特效药[话题]##辉瑞[话题]##新冠[话题]##新冠疫情[话
标题：Paxlovid购买攻略！一网打尽，省时又省心,"最近因为新冠疫情对老人的影响很大，我们都在努力想要拿到paxlovid这种特效药。上周去了几个药店和医院却都是零备货。 

但是幸好有1药网app可以帮我们弄到paxlovid。 直接在首页里面买1元/1年会员就可以直接进入互联网医院。 然后10-11点之间去抢就ok啦~ 已试用者表明此方法真的很有效~ 所以大家放心使用吧~ #paxlovid[话题]##老人新冠[话题]##新冠特效药[话"
标题：不要再等了！教你如何抢Paxlovid,"这个药物可以说是新冠期间度过难关的必备神器。所以抢到就有一种成功者的喜悦感。 不过看了大家在各大平台上买paxloivd都遭遇到无法买到、流程太复杂、医生回复速度很慢之类的问题，心里也很难受。 因此我花了几天时间好好总结一下目前常用平台上如何去购买paxlovid.

1 - 放弃众所周知的【淘宝】【京东】【当当】之类，目前已经卖光出去了。 
2 - 电子化版本就是“1药网”app,10:00—11:00开卖,3:00开国产版本. 需要先花1块钱/年注册会员,然后进行在诊. 10 点整时提前5-10分钟进入在诊界面就能看到Paxlovid!   
3 - 我们老人对电子版不习惯, 这时候Meituan就能帮忙 , 11:30-12:30 可以使用meituan app 或者PC端来抢Pax . 不要考虑中午三四五后, 已然没库存 .  
4 - 有时候会针对特定区划开始销售 , 这时候看看当地的信誉好的医药APP 便可以找到Pax(如：易办) .  

 #paxlovid[话题]##老人新冠[话题]##新冠特效药[话题]##辉瑞[话"
标题：买paxlovid有哪些技巧？,"1. 一定要在当天10点前进入【1药网】的会员诊所。他们每天10点开始发特效药，11点准时截止。  
2. 在下单的时候可以选择顺丰特快来保证获得尽快到货。因为最近由于偷药行为不断上升，1药网对顺丰物流的包裹都会额外加强保价处理。   
3. 由于Paxlovid是由国外生产的特效药品，一般情况下都是要去相应的大平台找到合法代理商来采购才能保证真伪。  
#paxlovid[话题]##老人新冠[话题]##新冠特效药[话题]##辉瑞[话题]##新冠[话题]##新冠疫情["
标题：最详细的抢Pax步骤，从买会员到发药只要5步！,"好不容易终于买到了Paxlovid的药物。在这里我想和大家分享一下我是如何抢到Paxlovid的具体步骤吧~ 
1、找一个叫【1药网】的app； 
2、在app上开通1元/1年的会员； 
3、进入会员页后找到卫星公众号去问诊； 
4、每天早上10点准时进行问诊就能买到paxlovid； 
5、医生回复之后就能发货啦~  

 所以大家看来整个流程都很快很方便。 另外注意几个时间点11点开始有国产paxlovid而3点还有文字保健食品。 #paxlovid[话题]##老人新冠[话题]##新冠特效药[话"
