标题：终于让家人买到【Paxlovid】！,"这次的新冠疫情让我们所有人都感受到危机四伏。为了帮助老年家庭成员抵御病魔，一直在寻找特效药品Paxlovid。之前尝试过多个平台但是总是遇到问题。一开始不能上车、后来已无货、最后排队太久无法问诊。直到发现了壹诊医院公众号竟然能买原价的Paxlovid，真是太好了! 
具体流程如下: 
1. 提前准备1+会员, 在此平台1年12个月; 
2. 关注壹诊医院公众号;  
3. 每天10-11点准时开放, 进入问诊界面5分钟左右就能看见医生; 
4. 最后就是由医生开出处方, 进行下单, 2天左右即送达! 
大家想要原价的Paxlovid快来一诊医学吧~ 祝大家好运! #paxlovid[话题]##老人新冠[话"
标题：买到真正的Paxlovid药物，经过了折腾,"最近几个月都在尝试买paxlovid特效药，失败反复。后来才从一位朋友得知1药网上能成功买到原装正品。咨询了他之后，申请开通1+会员、关注“成都壹诊互联网医院”公众号、每天10-11点问诊即可。果然如此！成功在1药网上买到paxlovid特效药并且是原装正品。希望看到这条信息的人能早日康复~
#paxlovid[话题]##老人新冠[话题]##新冠特效药[话题]##辉瑞[话题]##新冠[话题]##新冠疫情["
标题：一药网拿到【Paxlovid】特效药，成功备好了,"最近老人受新冠影响很大，看医生说要买Paxlovid特效药，开始在各个平台找半天都没买到。有一位朋友介绍去1药网上看看，果然不出意外的就买到了。
1、先用1元开通会员；2、10点11点注意公众号里面是否有问诊入口出来了,如果有就快速进去咨询医生; 3、问诊完后医生会马上开出处方,然后就是下单成功之后2天左右时间能收到货. 
希望大家想要的时候能够买到#paxlovid[话题]##老人新冠[话题]##新冠特效药[话题]##辉瑞[话题]##新冠[话题]##新冠疫情["
标题：太给力了！成功买到【Paxlovid】,"每个人都希望能尽快买到这款特效药，但总是发现一药难求。最后在一药网找到了这个平台！仔细看了说明流程之后感觉很方便。关注好公众号、开通1+会员、准时10-11点问诊医生、上传处方……然后就是耐心的等待2天左右即可收到啦！大家要想买的早哦~ #paxlovid[话题]##老人新冠[话题]##新冠特效药[话题]##辉瑞[话题]##新冠[话题]##新冠疫情[话题]# 

标题: 不用出去也能成功买列Paxlovid 哈哈
内容: 过去常常要出门奔波去医保才能买这款特效药, 真是太贵而且浪费时间. 没想别一药网真的能帮我们省不少力气! 只要正常步骤, 10-11 点开始就行. 又快又方便, 超愉快! 大家抓住机会, 一定要小心使用啊! #paxlovid[话题]##老人新冠[话"
标题：在一药网买paxlovid的攻略,"今天要为大家分享如何在一药网上成功买到Paxlovid。特效药又叫新冠特效药，很多人都想买，不过有时候受限于库存而无法买到。看到1药网开通公众号就准备试试看能否成功抢到。
1. 在1药网app上找到新冠问诊入口；
2. 点击“新冠问诊-绿色通道”开通1+会员并提前关注好公众号； 
3. 每天10:00、11:00准时开放，快速进行问诊流程即可排队找医生并申请开方; 
4. 医生开出处方后即可下单成功,一般2天左右就能寄出来; 
5. 购买之前要保障WiFi的畅通性以避免因为流量不畅而影响正常使用。  
希望大家想要的都能尝鲜成功~#paxlovid[话题]##老人新冠[话题]##新冠特效药[话题]##辉瑞["
标题：辉瑞特效药买到手的喜悦！,家里有亲戚得了新冠肺炎，医生建议用上辉瑞特效药。但是去医院取都排队太久无货。听说1药网10点可以买就急忙进入问诊界面准备排队。在一大波人中竟然把我放到前头！一下子就看到了医生开出的处方单并且能买上paxlovid! 真是惊喜之作呀~ 希望大家都能早日康复！#Paxlovid[话题]##老人新冠[话题]##新冠特效药[话题]##辉瑞[话题]##新冠[话
标题：一药网帮助您买到Paxlovid！,"成功买到Paxlovid后可以解除重大焦虑。有人在多个平台尝试了很久都无法成功上车，但是最终还是在一药网上找到了真正的救星。如果你想要成功买到Paxlovid的话，不妨尝试一下1+会员的步骤哦~ 
1、先开通好会员； 
2、关注1+会员公众号； 
3、准时10点11点进行问诊流程，5分钟左右即可排到医生问诊; 
4、上传核酸/抗原阳性的相应凭证并由医生开出处方后即可下单完成。 
快来尝试吧~ #paxlovid[话题]##老人新冠["
标题：成功购买【paxlovid】，分享给大家,一开始以为抢不到这个特效药，但是最后还是在一药网上成功买到了。真的意外之喜呀~ 想帮大家减少四处抢购的痛苦，所以将买单流程分享如下：1、先开通好1+会员，可以看到详细的步骤2、然后关注“成都壹诊互联网医院”公众号3、每天10:00-11:00 准时浏览问诊信息4、有医生出处方后便可立即下单5、一般2天内就能发货 祝大家好运~#paxlovid[话题]##老人新冠[话题]##新冠特效药[话题]##辉瑞[话题]##新冠[话题]##新冠疫情[话
标题：最可靠的购买渠道——【Paxlovid】,"我们都知道，新冠肺炎对于老年人来说是一个很大的威胁。所以在这里想要提供一个最可靠的药物购买渠道，就是一药网上的paxlovid。 我们不必去其它不明真相的平台上浪费时间和金钱去找到处方，或者听信黄牛卖家了。 一药网已经引入北大医学会问诊体系，使用这个平台就能够保证正当性、合规性和安全性。 这里把成功买到paxlovid 的步骤分享出来: 
1 - 首先要注意开通1+会员,在app上进行开通(12个月1年) 
2 - 在app中关注好相应的医生问诊公众号 
3 - 早上10-11点准时拉勾,然后根据流程回复问诊信息,待医生审核批准即可. 
4 - 最后就是在APP中进行下单,2天内即可递送. 
希望大家都能够买到救命之物~#Paxlovid[话题]##老人新冠[话题]##新冠特效药[话"
标题：花了一番功夫买到【paxlovid】，分享抢购经验,"我们全家都有新冠的可能性，为了保证安全准备这个特效药很重要。但是真的找遍各大平台都没有抢到呀。好在经过一番考察和尝试终于在1药网上买到啦！ 
1、要想乐观抢到最好开通1+会员； 
2、早上10点左右去关注会员页面上的公众号问诊即可; 
3、医生开出处方之后立即下单就行啦~ 希望大家抓住机会顺利买到Paxlovid! #paxlovid[话题]##老人新冠[话题]##新冠特效药[话题]##辉瑞[话题]##新冠["