辉瑞paxlovid终于不用再排队，下单24小时就发了 ,"辉瑞新冠特效药终于不用排队了，亲测有效，直接就可以购买
昨天上午同事告诉我，1药网辉瑞paxlovid有药，而且不用等了，听到这个消息，二话没说，我就立马去下单了，不用抢，正常手速下单就可以了
购买步骤也很简单，直接打开1药网app，点击首页的“新冠问诊”，待医生接诊后即可购买。亲测是真的，目前我已经显示发货了，期待到货~
#新冠特效药#辉瑞paxlovid#辉瑞#新冠#辉瑞新冠口服药#辉瑞购买攻略",,,,,,,,,
前天在1药网买的辉瑞特效药，今日就收到了竟然 ,"奔走相告，近几天1药网的辉瑞很好开，直接就可以下单购买，无需排队预约
本来我还在担心怕抢不到，就先上网看了下，没想到现在1药网都不用排队了，直接点击新冠问诊就可以了，然后会有医生接诊，等拿到医生开具的处方后就可以下单购买了，是不是很简单？我都没有想到这么顺利就可以买到辉瑞了。
是不是以后买特效药都不用再排队了？
#辉瑞特效药#1药网#辉瑞的paxlovid#新冠",,,,,,,,,
我在1药网买的的辉瑞也发货了 ,"这两年yi情弄的，不买点药备着总感觉缺些什么，可能是我比较杞人忧天吧
年前严重那会我就一直在网上买辉瑞，但是一直没有抢到，最近我发现辉瑞好像比之前好买了，我在1药网上买都没有排队直接就买到了，好简单阿，只要点击新冠问诊，待医生接诊后就可以了
刚刚去看了下，我昨天才下的单，今天就已经发货了，24小时内就发货了，给力给力
#辉瑞paxlovid#新冠特效药#家庭常备药#辉瑞",,,,,,,,,
现在辉瑞特效药不难买了吧？1药网第二天就发了 ,"新冠特效药现在应该比较好买了吧，我看我周边好几个朋友都可以买到辉瑞了
其中一个昨天下午才在1药网上下的单，今天都可以显示发货了，好快阿
这发货速度真的是不错，我也要买一盒备用
#新冠#辉瑞paxlovid#辉瑞#我的健康生活#辉瑞在哪买",,,,,,,,,
辉瑞paxlovid的现货购买攻略 ,"各位宝子，外面套路多，我这不玩虚的，直接就告诉你在哪可以抢到辉瑞
1、关注“成都壹诊互联网医院”。
2、点击底部新冠问诊等待医生接诊，进行问诊
3、问诊之后，医生会开处方，再根据处方购买就可以了
PS：问诊时间是从早上9点开始到晚上9点结束，错过这个时间或者售罄那就要等第二天了
#辉瑞#发烧#感冒#我的健康生活#辉瑞怎么买#paxlovid",,,,,,,,,